<IfModule mod_rewrite.c>
    <IfModule mod_negotiation.c>
        Options -MultiViews -Indexes
    </IfModule>

    RewriteEngine On

    # Redirect www to non-www
    RewriteCond %{HTTP_HOST} ^www\. [NC]
    RewriteRule ^(.*)$ https://theciu.vn/$1 [L,R=301]

    # Redirect http to https
    RewriteCond %{HTTPS} off
    RewriteRule ^(.*)$ https://theciu.vn/$1 [L,R=301]

    # 301 --- https://theciu.vn/3-cach-phoi-do-voi-quan-ong-rong-dai-chuan-nhu-fashionista/ => https://theciu.vn/blog/3-cach-phoi-do-voi-quan-ong-rong-dai-chuan-nhu-fashionista/
    RewriteRule ^3\-cach\-phoi\-do\-voi\-quan\-ong\-rong\-dai\-chuan\-nhu\-fashionista/$ /blog/3-cach-phoi-do-voi-quan-ong-rong-dai-chuan-nhu-fashionista/? [L,R=301]

    # 301 --- https://theciu.vn/4-dang-quan-jean-ong-rong-duoc-sung-nhat-hien-nay/ => https://theciu.vn/blog/4-dang-quan-jean-ong-rong-duoc-sung-nhat-hien-nay/
    RewriteRule ^4\-dang\-quan\-jean\-ong\-rong\-duoc\-sung\-nhat\-hien\-nay/$ /blog/4-dang-quan-jean-ong-rong-duoc-sung-nhat-hien-nay/? [L,R=301]

    # 301 --- https://theciu.vn/4-kieu-ao-giup-nang-xua-tan-noi-lo-khi-dien-quan-lung-nu-ong-rong/ => https://theciu.vn/blog/4-kieu-ao-giup-nang-xua-tan-noi-lo-khi-dien-quan-lung-nu-ong-rong/
    RewriteRule ^4\-kieu\-ao\-giup\-nang\-xua\-tan\-noi\-lo\-khi\-dien\-quan\-lung\-nu\-ong\-rong/$ /blog/4-kieu-ao-giup-nang-xua-tan-noi-lo-khi-dien-quan-lung-nu-ong-rong/? [L,R=301]

    # 301 --- https://theciu.vn/4-mau-quan-jean-danh-cho-phai-dep-hot-nhat-2020/ => https://theciu.vn/blog/4-mau-quan-jean-danh-cho-phai-dep-hot-nhat-2020/
    RewriteRule ^4\-mau\-quan\-jean\-danh\-cho\-phai\-dep\-hot\-nhat\-2020/$ /blog/4-mau-quan-jean-danh-cho-phai-dep-hot-nhat-2020/? [L,R=301]

    # 301 --- https://theciu.vn/4-mau-quan-ong-rong-nu-dep-va-cach-phoi-do-cho-nang-long-lay/ => https://theciu.vn/blog/4-mau-quan-ong-rong-nu-dep-va-cach-phoi-do-cho-nang-long-lay/
    RewriteRule ^4\-mau\-quan\-ong\-rong\-nu\-dep\-va\-cach\-phoi\-do\-cho\-nang\-long\-lay/$ /blog/4-mau-quan-ong-rong-nu-dep-va-cach-phoi-do-cho-nang-long-lay/? [L,R=301]

    # 301 --- https://theciu.vn/5-cach-phoi-phu-kien-voi-dam-di-bien-cho-be-gai-2020/ => https://theciu.vn/blog/5-cach-phoi-phu-kien-voi-dam-di-bien-cho-be-gai-2020/
    RewriteRule ^5\-cach\-phoi\-phu\-kien\-voi\-dam\-di\-bien\-cho\-be\-gai\-2020/$ /blog/5-cach-phoi-phu-kien-voi-dam-di-bien-cho-be-gai-2020/? [L,R=301]

    # 301 --- https://theciu.vn/5-cach-tay-trang-quan-ao-danh-cho-cac-nang-me-do-trang/ => https://theciu.vn/blog/5-cach-tay-trang-quan-ao-danh-cho-cac-nang-me-do-trang/
    RewriteRule ^5\-cach\-tay\-trang\-quan\-ao\-danh\-cho\-cac\-nang\-me\-do\-trang/$ /blog/5-cach-tay-trang-quan-ao-danh-cho-cac-nang-me-do-trang/? [L,R=301]

    # 301 --- https://theciu.vn/5-outfit-quan-nu-ong-rong-2020/ => https://theciu.vn/blog/5-outfit-quan-nu-ong-rong-2020/
    RewriteRule ^5\-outfit\-quan\-nu\-ong\-rong\-2020/$ /blog/5-outfit-quan-nu-ong-rong-2020/? [L,R=301]

    # 301 --- https://theciu.vn/6-ngay-di-lam-dien-chan-vay-cong-so-dai-ma-khong-he-nham-chan/ => https://theciu.vn/blog/6-ngay-di-lam-dien-chan-vay-cong-so-dai-ma-khong-he-nham-chan/
    RewriteRule ^6\-ngay\-di\-lam\-dien\-chan\-vay\-cong\-so\-dai\-ma\-khong\-he\-nham\-chan/$ /blog/6-ngay-di-lam-dien-chan-vay-cong-so-dai-ma-khong-he-nham-chan/? [L,R=301]

    # 301 --- https://theciu.vn/7-cach-phoi-do-nu-phong-cach-han-quoc-chuan-dep-xin-min-2021/ => https://theciu.vn/blog/7-cach-phoi-do-nu-phong-cach-han-quoc-chuan-dep-xin-min-2021/
    RewriteRule ^7\-cach\-phoi\-do\-nu\-phong\-cach\-han\-quoc\-chuan\-dep\-xin\-min\-2021/$ /blog/7-cach-phoi-do-nu-phong-cach-han-quoc-chuan-dep-xin-min-2021/? [L,R=301]

    # 301 --- https://theciu.vn/an-gian-chieu-cao-voi-ao-dam-maxi-di-bien-mua-he/ => https://theciu.vn/blog/an-gian-chieu-cao-voi-ao-dam-maxi-di-bien-mua-he/
    RewriteRule ^an\-gian\-chieu\-cao\-voi\-ao\-dam\-maxi\-di\-bien\-mua\-he/$ /blog/an-gian-chieu-cao-voi-ao-dam-maxi-di-bien-mua-he/? [L,R=301]

    # 301 --- https://theciu.vn/ao-croptop-huyen-thoai-khong-can-du-trend-ma-van-luon-hot/ => https://theciu.vn/blog/ao-croptop-huyen-thoai-khong-can-du-trend-ma-van-luon-hot/
    RewriteRule ^ao\-croptop\-huyen\-thoai\-khong\-can\-du\-trend\-ma\-van\-luon\-hot/$ /blog/ao-croptop-huyen-thoai-khong-can-du-trend-ma-van-luon-hot/? [L,R=301]

    # 301 --- https://theciu.vn/ao-khoac-bomber-cuc-style-cho-ca-nam-va-nu/ => https://theciu.vn/blog/ao-khoac-bomber-cuc-style-cho-ca-nam-va-nu/
    RewriteRule ^ao\-khoac\-bomber\-cuc\-style\-cho\-ca\-nam\-va\-nu/$ /blog/ao-khoac-bomber-cuc-style-cho-ca-nam-va-nu/? [L,R=301]

    # 301 --- https://theciu.vn/ao-khoac-du/ => https://theciu.vn/blog/ao-khoac-du/
    RewriteRule ^ao\-khoac\-du/$ /blog/ao-khoac-du/? [L,R=301]

    # 301 --- https://theciu.vn/ao-khoac-ni-nu-co-mu/ => https://theciu.vn/blog/ao-khoac-ni-nu-co-mu/
    RewriteRule ^ao\-khoac\-ni\-nu\-co\-mu/$ /blog/ao-khoac-ni-nu-co-mu/? [L,R=301]

    # 301 --- https://theciu.vn/ao-kieu-crop-top-vua-cho-mot-nua-the-gioi-ly-do-khong-the-tu-bo/ => https://theciu.vn/blog/ao-kieu-crop-top-vua-cho-mot-nua-the-gioi-ly-do-khong-the-tu-bo/
    RewriteRule ^ao\-kieu\-crop\-top\-vua\-cho\-mot\-nua\-the\-gioi\-ly\-do\-khong\-the\-tu\-bo/$ /blog/ao-kieu-crop-top-vua-cho-mot-nua-the-gioi-ly-do-khong-the-tu-bo/? [L,R=301]

    # 301 --- https://theciu.vn/ao-so-mi-nu-best-item-cho-moi-co-nang/ => https://theciu.vn/blog/ao-so-mi-nu-best-item-cho-moi-co-nang/
    RewriteRule ^ao\-so\-mi\-nu\-best\-item\-cho\-moi\-co\-nang/$ /blog/ao-so-mi-nu-best-item-cho-moi-co-nang/? [L,R=301]

    # 301 --- https://theciu.vn/ao-thun-co-co-nu-item-giup-nang-noi-bat-ca-tinh/ => https://theciu.vn/blog/ao-thun-co-co-nu-item-giup-nang-noi-bat-ca-tinh/
    RewriteRule ^ao\-thun\-co\-co\-nu\-item\-giup\-nang\-noi\-bat\-ca\-tinh/$ /blog/ao-thun-co-co-nu-item-giup-nang-noi-bat-ca-tinh/? [L,R=301]

    # 301 --- https://theciu.vn/ao-thun-thiet-ke-gu-thoi-trang-dep-nao-long/ => https://theciu.vn/blog/ao-thun-thiet-ke-gu-thoi-trang-dep-nao-long/
    RewriteRule ^ao\-thun\-thiet\-ke\-gu\-thoi\-trang\-dep\-nao\-long/$ /blog/ao-thun-thiet-ke-gu-thoi-trang-dep-nao-long/? [L,R=301]

    # 301 --- https://theciu.vn/ao-trang-chan-vay-den-va-nhung-goi-y-giup-ban-mac-sieu-dep/ => https://theciu.vn/blog/ao-trang-chan-vay-den-va-nhung-goi-y-giup-ban-mac-sieu-dep/
    RewriteRule ^ao\-trang\-chan\-vay\-den\-va\-nhung\-goi\-y\-giup\-ban\-mac\-sieu\-dep/$ /blog/ao-trang-chan-vay-den-va-nhung-goi-y-giup-ban-mac-sieu-dep/? [L,R=301]

    # 301 --- https://theciu.vn/ban-da-biet-chieu-cao-can-nang-chuan-cua-nu-hay-chua/ => https://theciu.vn/blog/ban-da-biet-chieu-cao-can-nang-chuan-cua-nu-hay-chua/
    RewriteRule ^ban\-da\-biet\-chieu\-cao\-can\-nang\-chuan\-cua\-nu\-hay\-chua/$ /blog/ban-da-biet-chieu-cao-can-nang-chuan-cua-nu-hay-chua/? [L,R=301]

    # 301 --- https://theciu.vn/bat-mi-3-cach-phoi-ao-bet-vai-tay-dai-lam-dien-dao-phai-dep/ => https://theciu.vn/blog/bat-mi-3-cach-phoi-ao-bet-vai-tay-dai-lam-dien-dao-phai-dep/
    RewriteRule ^bat\-mi\-3\-cach\-phoi\-ao\-bet\-vai\-tay\-dai\-lam\-dien\-dao\-phai\-dep/$ /blog/bat-mi-3-cach-phoi-ao-bet-vai-tay-dai-lam-dien-dao-phai-dep/? [L,R=301]

    # 301 --- https://theciu.vn/beo-bung-mac-gi-cho-dep/ => https://theciu.vn/blog/beo-bung-mac-gi-cho-dep/
    RewriteRule ^beo\-bung\-mac\-gi\-cho\-dep/$ /blog/beo-bung-mac-gi-cho-dep/? [L,R=301]

    # 301 --- https://theciu.vn/bi-kip-mix-ao-thun-ca-tinh-cung-nang-dong-mua-he/ => https://theciu.vn/blog/bi-kip-mix-ao-thun-ca-tinh-cung-nang-dong-mua-he/
    RewriteRule ^bi\-kip\-mix\-ao\-thun\-ca\-tinh\-cung\-nang\-dong\-mua\-he/$ /blog/bi-kip-mix-ao-thun-ca-tinh-cung-nang-dong-mua-he/? [L,R=301]

    # 301 --- https://theciu.vn/bi-quyet-chon-dam-di-bien-cho-nguoi-map-khong-loi-mot/ => https://theciu.vn/blog/bi-quyet-chon-dam-di-bien-cho-nguoi-map-khong-loi-mot/
    RewriteRule ^bi\-quyet\-chon\-dam\-di\-bien\-cho\-nguoi\-map\-khong\-loi\-mot/$ /blog/bi-quyet-chon-dam-di-bien-cho-nguoi-map-khong-loi-mot/? [L,R=301]

    # 301 --- https://theciu.vn/bo-tui-3-tips-it-ai-biet-de-mac-quan-ong-rong-dep/ => https://theciu.vn/blog/bo-tui-3-tips-it-ai-biet-de-mac-quan-ong-rong-dep/
    RewriteRule ^bo\-tui\-3\-tips\-it\-ai\-biet\-de\-mac\-quan\-ong\-rong\-dep/$ /blog/bo-tui-3-tips-it-ai-biet-de-mac-quan-ong-rong-dep/? [L,R=301]

    # 301 --- https://theciu.vn/bo-tui-vai-tips-phoi-do-voi-ao-kieu-di-choi-cho-mua-he-2020/ => https://theciu.vn/blog/bo-tui-vai-tips-phoi-do-voi-ao-kieu-di-choi-cho-mua-he-2020/
    RewriteRule ^bo\-tui\-vai\-tips\-phoi\-do\-voi\-ao\-kieu\-di\-choi\-cho\-mua\-he\-2020/$ /blog/bo-tui-vai-tips-phoi-do-voi-ao-kieu-di-choi-cho-mua-he-2020/? [L,R=301]

    # 301 --- https://theciu.vn/bung-no-3-cu-huong-quan-jean-nu-hot-nhat-nam-2021/ => https://theciu.vn/blog/bung-no-3-cu-huong-quan-jean-nu-hot-nhat-nam-2021/
    RewriteRule ^bung\-no\-3\-cu\-huong\-quan\-jean\-nu\-hot\-nhat\-nam\-2021/$ /blog/bung-no-3-cu-huong-quan-jean-nu-hot-nhat-nam-2021/? [L,R=301]

    # 301 --- https://theciu.vn/cac-kieu-ao-dep-nhat-hot-nhat-cho-gioi-tre-2020/ => https://theciu.vn/blog/cac-kieu-ao-dep-nhat-hot-nhat-cho-gioi-tre-2020/
    RewriteRule ^cac\-kieu\-ao\-dep\-nhat\-hot\-nhat\-cho\-gioi\-tre\-2020/$ /blog/cac-kieu-ao-dep-nhat-hot-nhat-cho-gioi-tre-2020/? [L,R=301]

    # 301 --- https://theciu.vn/cac-mau-quan-short-lam-mua-lam-gio-hien-nay/ => https://theciu.vn/blog/cac-mau-quan-short-lam-mua-lam-gio-hien-nay/
    RewriteRule ^cac\-mau\-quan\-short\-lam\-mua\-lam\-gio\-hien\-nay/$ /blog/cac-mau-quan-short-lam-mua-lam-gio-hien-nay/? [L,R=301]

    # 301 --- https://theciu.vn/cach-an-mac-dep-tre-trung-cho-chi-em-o-tuoi-40/ => https://theciu.vn/blog/cach-an-mac-dep-tre-trung-cho-chi-em-o-tuoi-40/
    RewriteRule ^cach\-an\-mac\-dep\-tre\-trung\-cho\-chi\-em\-o\-tuoi\-40/$ /blog/cach-an-mac-dep-tre-trung-cho-chi-em-o-tuoi-40/? [L,R=301]

    # 301 --- https://theciu.vn/cach-giat-ao-khoac-du-dam-bao-luon-nhu-moi/ => https://theciu.vn/blog/cach-giat-ao-khoac-du-dam-bao-luon-nhu-moi/
    RewriteRule ^cach\-giat\-ao\-khoac\-du\-dam\-bao\-luon\-nhu\-moi/$ /blog/cach-giat-ao-khoac-du-dam-bao-luon-nhu-moi/? [L,R=301]

    # 301 --- https://theciu.vn/cach-mix-do-voi-chan-vay-don-gian-ma-sieu-xinh/ => https://theciu.vn/blog/cach-mix-do-voi-chan-vay-don-gian-ma-sieu-xinh/
    RewriteRule ^cach\-mix\-do\-voi\-chan\-vay\-don\-gian\-ma\-sieu\-xinh/$ /blog/cach-mix-do-voi-chan-vay-don-gian-ma-sieu-xinh/? [L,R=301]

    # 301 --- https://theciu.vn/cach-phoi-do-nhom-cung-tone-dong-dieu-cho-nhom-ban-than/ => https://theciu.vn/blog/cach-phoi-do-nhom-cung-tone-dong-dieu-cho-nhom-ban-than/
    RewriteRule ^cach\-phoi\-do\-nhom\-cung\-tone\-dong\-dieu\-cho\-nhom\-ban\-than/$ /blog/cach-phoi-do-nhom-cung-tone-dong-dieu-cho-nhom-ban-than/? [L,R=301]

    # 301 --- https://theciu.vn/cach-phoi-do-nu-cho-cac-nang-beo-hot-nhat-2021/ => https://theciu.vn/blog/cach-phoi-do-nu-cho-cac-nang-beo-hot-nhat-2021/
    RewriteRule ^cach\-phoi\-do\-nu\-cho\-cac\-nang\-beo\-hot\-nhat\-2021/$ /blog/cach-phoi-do-nu-cho-cac-nang-beo-hot-nhat-2021/? [L,R=301]

    # 301 --- https://theciu.vn/cach-phoi-do-troi-lanh-sieu-xinh-cho-cac-nang/ => https://theciu.vn/blog/cach-phoi-do-troi-lanh-sieu-xinh-cho-cac-nang/
    RewriteRule ^cach\-phoi\-do\-troi\-lanh\-sieu\-xinh\-cho\-cac\-nang/$ /blog/cach-phoi-do-troi-lanh-sieu-xinh-cho-cac-nang/? [L,R=301]

    # 301 --- https://theciu.vn/cach-phoi-mau-quan-ao-giup-nang-cong-so-cuon-hut-hon/ => https://theciu.vn/blog/cach-phoi-mau-quan-ao-giup-nang-cong-so-cuon-hut-hon/
    RewriteRule ^cach\-phoi\-mau\-quan\-ao\-giup\-nang\-cong\-so\-cuon\-hut\-hon/$ /blog/cach-phoi-mau-quan-ao-giup-nang-cong-so-cuon-hut-hon/? [L,R=301]

    # 301 --- https://theciu.vn/cach-phoi-quan-ao-sieu-xinh/ => https://theciu.vn/blog/cach-phoi-quan-ao-sieu-xinh/
    RewriteRule ^cach\-phoi\-quan\-ao\-sieu\-xinh/$ /blog/cach-phoi-quan-ao-sieu-xinh/? [L,R=301]

    # 301 --- https://theciu.vn/cach-phoi-quan-jean-voi-ao-thun-nu-thoi-trang-va-hien-dai/ => https://theciu.vn/blog/cach-phoi-quan-jean-voi-ao-thun-nu-thoi-trang-va-hien-dai/
    RewriteRule ^cach\-phoi\-quan\-jean\-voi\-ao\-thun\-nu\-thoi\-trang\-va\-hien\-dai/$ /blog/cach-phoi-quan-jean-voi-ao-thun-nu-thoi-trang-va-hien-dai/? [L,R=301]

    # 301 --- https://theciu.vn/cach-tay-moc-quan-ao/ => https://theciu.vn/blog/cach-tay-moc-quan-ao/
    RewriteRule ^cach\-tay\-moc\-quan\-ao/$ /blog/cach-tay-moc-quan-ao/? [L,R=301]

    # 301 --- https://theciu.vn/cach-ui-ao-so-mi-cho-tung-loai-vai-ban-da-biet-chua/ => https://theciu.vn/blog/cach-ui-ao-so-mi-cho-tung-loai-vai-ban-da-biet-chua/
    RewriteRule ^cach\-ui\-ao\-so\-mi\-cho\-tung\-loai\-vai\-ban\-da\-biet\-chua/$ /blog/cach-ui-ao-so-mi-cho-tung-loai-vai-ban-da-biet-chua/? [L,R=301]

    # 301 --- https://theciu.vn/chan-vay-den-dai-tha-thuot-ngay-cuoi-nam/ => https://theciu.vn/blog/chan-vay-den-dai-tha-thuot-ngay-cuoi-nam/
    RewriteRule ^chan\-vay\-den\-dai\-tha\-thuot\-ngay\-cuoi\-nam/$ /blog/chan-vay-den-dai-tha-thuot-ngay-cuoi-nam/? [L,R=301]

    # 301 --- https://theciu.vn/chan-vay-dep/ => https://theciu.vn/blog/chan-vay-dep/
    RewriteRule ^chan\-vay\-dep/$ /blog/chan-vay-dep/? [L,R=301]

    # 301 --- https://theciu.vn/chiem-nguong-5-mau-quan-ong-rong-lung-cao-dinh-cua-dinh/ => https://theciu.vn/blog/chiem-nguong-5-mau-quan-ong-rong-lung-cao-dinh-cua-dinh/
    RewriteRule ^chiem\-nguong\-5\-mau\-quan\-ong\-rong\-lung\-cao\-dinh\-cua\-dinh/$ /blog/chiem-nguong-5-mau-quan-ong-rong-lung-cao-dinh-cua-dinh/? [L,R=301]

    # 301 --- https://theciu.vn/chong-tia-uv-cuc-tot-cung-ao-khoac-du-vu-khi-loi-hai-cua-phai-dep/ => https://theciu.vn/blog/chong-tia-uv-cuc-tot-cung-ao-khoac-du-vu-khi-loi-hai-cua-phai-dep/
    RewriteRule ^chong\-tia\-uv\-cuc\-tot\-cung\-ao\-khoac\-du\-vu\-khi\-loi\-hai\-cua\-phai\-dep/$ /blog/chong-tia-uv-cuc-tot-cung-ao-khoac-du-vu-khi-loi-hai-cua-phai-dep/? [L,R=301]

    # 301 --- https://theciu.vn/dam-babydoll-co-gi-dac-biet-ma-khien-nang-nao-mac-vao-cung-xinh/ => https://theciu.vn/blog/dam-babydoll-co-gi-dac-biet-ma-khien-nang-nao-mac-vao-cung-xinh/
    RewriteRule ^dam\-babydoll\-co\-gi\-dac\-biet\-ma\-khien\-nang\-nao\-mac\-vao\-cung\-xinh/$ /blog/dam-babydoll-co-gi-dac-biet-ma-khien-nang-nao-mac-vao-cung-xinh/? [L,R=301]

    # 301 --- https://theciu.vn/dam-maxi-bet-vai-va-5-nguyen-tac-chon-lua-chuan-quy-co-hien-dai/ => https://theciu.vn/blog/dam-maxi-bet-vai-va-5-nguyen-tac-chon-lua-chuan-quy-co-hien-dai/
    RewriteRule ^dam\-maxi\-bet\-vai\-va\-5\-nguyen\-tac\-chon\-lua\-chuan\-quy\-co\-hien\-dai/$ /blog/dam-maxi-bet-vai-va-5-nguyen-tac-chon-lua-chuan-quy-co-hien-dai/? [L,R=301]

    # 301 --- https://theciu.vn/dam-suong-hay-dam-so-mi-bat-song-ngay-hai-chiec-dam-hot-nhat-he-2021/ => https://theciu.vn/blog/dam-suong-hay-dam-so-mi-bat-song-ngay-hai-chiec-dam-hot-nhat-he-2021/
    RewriteRule ^dam\-suong\-hay\-dam\-so\-mi\-bat\-song\-ngay\-hai\-chiec\-dam\-hot\-nhat\-he\-2021/$ /blog/dam-suong-hay-dam-so-mi-bat-song-ngay-hai-chiec-dam-hot-nhat-he-2021/? [L,R=301]

    # 301 --- https://theciu.vn/dam-trang-co-phai-la-nu-hoang-trong-tat-ca-cac-loai-mau-dam/ => https://theciu.vn/blog/dam-trang-co-phai-la-nu-hoang-trong-tat-ca-cac-loai-mau-dam/
    RewriteRule ^dam\-trang\-co\-phai\-la\-nu\-hoang\-trong\-tat\-ca\-cac\-loai\-mau\-dam/$ /blog/dam-trang-co-phai-la-nu-hoang-trong-tat-ca-cac-loai-mau-dam/? [L,R=301]

    # 301 --- https://theciu.vn/dien-ao-khoac-du-couple-cuc-chat-cho-tinh-nhan/ => https://theciu.vn/blog/dien-ao-khoac-du-couple-cuc-chat-cho-tinh-nhan/
    RewriteRule ^dien\-ao\-khoac\-du\-couple\-cuc\-chat\-cho\-tinh\-nhan/$ /blog/dien-ao-khoac-du-couple-cuc-chat-cho-tinh-nhan/? [L,R=301]

    # 301 --- https://theciu.vn/dien-ngay-cac-kieu-quan-tay-nu-di-hoc-sau-mua-covid/ => https://theciu.vn/blog/dien-ngay-cac-kieu-quan-tay-nu-di-hoc-sau-mua-covid/
    RewriteRule ^dien\-ngay\-cac\-kieu\-quan\-tay\-nu\-di\-hoc\-sau\-mua\-covid/$ /blog/dien-ngay-cac-kieu-quan-tay-nu-di-hoc-sau-mua-covid/? [L,R=301]

    # 301 --- https://theciu.vn/do-cong-so-khi-di-lam-chang-can-dong-vest-nham-chan/ => https://theciu.vn/blog/do-cong-so-khi-di-lam-chang-can-dong-vest-nham-chan/
    RewriteRule ^do\-cong\-so\-khi\-di\-lam\-chang\-can\-dong\-vest\-nham\-chan/$ /blog/do-cong-so-khi-di-lam-chang-can-dong-vest-nham-chan/? [L,R=301]

    # 301 --- https://theciu.vn/don-mua-tuu-truong-cung-ao-so-mi-ban-da-san-sang/ => https://theciu.vn/blog/don-mua-tuu-truong-cung-ao-so-mi-ban-da-san-sang/
    RewriteRule ^don\-mua\-tuu\-truong\-cung\-ao\-so\-mi\-ban\-da\-san\-sang/$ /blog/don-mua-tuu-truong-cung-ao-so-mi-ban-da-san-sang/? [L,R=301]

    # 301 --- https://theciu.vn/giai-ma-chiec-ao-khoac-hoan-hao-cho-tin-do-du-lich/ => https://theciu.vn/blog/giai-ma-chiec-ao-khoac-hoan-hao-cho-tin-do-du-lich/
    RewriteRule ^giai\-ma\-chiec\-ao\-khoac\-hoan\-hao\-cho\-tin\-do\-du\-lich/$ /blog/giai-ma-chiec-ao-khoac-hoan-hao-cho-tin-do-du-lich/? [L,R=301]

    # 301 --- https://theciu.vn/goi-y-5-mau-dam-xoe-tay-dai-chiem-spotlight-nam-2020/ => https://theciu.vn/blog/goi-y-5-mau-dam-xoe-tay-dai-chiem-spotlight-nam-2020/
    RewriteRule ^goi\-y\-5\-mau\-dam\-xoe\-tay\-dai\-chiem\-spotlight\-nam\-2020/$ /blog/goi-y-5-mau-dam-xoe-tay-dai-chiem-spotlight-nam-2020/? [L,R=301]

    # 301 --- https://theciu.vn/goi-y-phoi-do-di-da-lat-thoa-suc-song-ao-bat-kip-xu-huong-2020/ => https://theciu.vn/blog/goi-y-phoi-do-di-da-lat-thoa-suc-song-ao-bat-kip-xu-huong-2020/
    RewriteRule ^goi\-y\-phoi\-do\-di\-da\-lat\-thoa\-suc\-song\-ao\-bat\-kip\-xu\-huong\-2020/$ /blog/goi-y-phoi-do-di-da-lat-thoa-suc-song-ao-bat-kip-xu-huong-2020/? [L,R=301]

    # 301 --- https://theciu.vn/hoc-hoi-bi-quyet-mix-do-sang-chanh-cua-cac-sao-voi-quan-culottes/ => https://theciu.vn/blog/hoc-hoi-bi-quyet-mix-do-sang-chanh-cua-cac-sao-voi-quan-culottes/
    RewriteRule ^hoc\-hoi\-bi\-quyet\-mix\-do\-sang\-chanh\-cua\-cac\-sao\-voi\-quan\-culottes/$ /blog/hoc-hoi-bi-quyet-mix-do-sang-chanh-cua-cac-sao-voi-quan-culottes/? [L,R=301]

    # 301 --- https://theciu.vn/hoc-lom-idol-phoi-do-mua-dong-phong-cach-han-quoc/ => https://theciu.vn/blog/hoc-lom-idol-phoi-do-mua-dong-phong-cach-han-quoc/
    RewriteRule ^hoc\-lom\-idol\-phoi\-do\-mua\-dong\-phong\-cach\-han\-quoc/$ /blog/hoc-lom-idol-phoi-do-mua-dong-phong-cach-han-quoc/? [L,R=301]

    # 301 --- https://theciu.vn/hop-hon-truoc-bo-suu-tap-ao-thun-in-hinh-in-chu-dep-xuat-sac/ => https://theciu.vn/blog/hop-hon-truoc-bo-suu-tap-ao-thun-in-hinh-in-chu-dep-xuat-sac/
    RewriteRule ^hop\-hon\-truoc\-bo\-suu\-tap\-ao\-thun\-in\-hinh\-in\-chu\-dep\-xuat\-sac/$ /blog/hop-hon-truoc-bo-suu-tap-ao-thun-in-hinh-in-chu-dep-xuat-sac/? [L,R=301]

    # 301 --- https://theciu.vn/huong-dan-cach-that-no-phu-hop-cho-tung-loai-trang-phuc/ => https://theciu.vn/blog/huong-dan-cach-that-no-phu-hop-cho-tung-loai-trang-phuc/
    RewriteRule ^huong\-dan\-cach\-that\-no\-phu\-hop\-cho\-tung\-loai\-trang\-phuc/$ /blog/huong-dan-cach-that-no-phu-hop-cho-tung-loai-trang-phuc/? [L,R=301]

    # 301 --- https://theciu.vn/mac-chan-vay-cong-so-gia-re-chat-nhu-hang-hieu/ => https://theciu.vn/blog/mac-chan-vay-cong-so-gia-re-chat-nhu-hang-hieu/
    RewriteRule ^mac\-chan\-vay\-cong\-so\-gia\-re\-chat\-nhu\-hang\-hieu/$ /blog/mac-chan-vay-cong-so-gia-re-chat-nhu-hang-hieu/? [L,R=301]

    # 301 --- https://theciu.vn/mach-nang-3-phong-cach-phoi-do-sieu-hin-voi-quan-culottes/ => https://theciu.vn/blog/mach-nang-3-phong-cach-phoi-do-sieu-hin-voi-quan-culottes/
    RewriteRule ^mach\-nang\-3\-phong\-cach\-phoi\-do\-sieu\-hin\-voi\-quan\-culottes/$ /blog/mach-nang-3-phong-cach-phoi-do-sieu-hin-voi-quan-culottes/? [L,R=301]

    # 301 --- https://theciu.vn/mach-nang-meo-bien-hoa-phong-cach-cung-quan-ong-rong/ => https://theciu.vn/blog/mach-nang-meo-bien-hoa-phong-cach-cung-quan-ong-rong/
    RewriteRule ^mach\-nang\-meo\-bien\-hoa\-phong\-cach\-cung\-quan\-ong\-rong/$ /blog/mach-nang-meo-bien-hoa-phong-cach-cung-quan-ong-rong/? [L,R=301]

    # 301 --- https://theciu.vn/mau-ghi-la-mau-gi-diem-doc-dao-cua-mau-ghi/ => https://theciu.vn/blog/mau-ghi-la-mau-gi-diem-doc-dao-cua-mau-ghi/
    RewriteRule ^mau\-ghi\-la\-mau\-gi\-diem\-doc\-dao\-cua\-mau\-ghi/$ /blog/mau-ghi-la-mau-gi-diem-doc-dao-cua-mau-ghi/? [L,R=301]

    # 301 --- https://theciu.vn/menh-tho-hop-mau-gi-cac-mau-hop-voi-ngu-hanh/ => https://theciu.vn/blog/menh-tho-hop-mau-gi-cac-mau-hop-voi-ngu-hanh/
    RewriteRule ^menh\-tho\-hop\-mau\-gi\-cac\-mau\-hop\-voi\-ngu\-hanh/$ /blog/menh-tho-hop-mau-gi-cac-mau-hop-voi-ngu-hanh/? [L,R=301]

    # 301 --- https://theciu.vn/mix-chan-vay-dai-sieu-xinh-xan-cho-phai-dep/ => https://theciu.vn/blog/mix-chan-vay-dai-sieu-xinh-xan-cho-phai-dep/
    RewriteRule ^mix\-chan\-vay\-dai\-sieu\-xinh\-xan\-cho\-phai\-dep/$ /blog/mix-chan-vay-dai-sieu-xinh-xan-cho-phai-dep/? [L,R=301]

    # 301 --- https://theciu.vn/mix-match-cung-chiec-ao-khoac-ni-quoc-dan/ => https://theciu.vn/blog/mix-match-cung-chiec-ao-khoac-ni-quoc-dan/
    RewriteRule ^mix\-match\-cung\-chiec\-ao\-khoac\-ni\-quoc\-dan/$ /blog/mix-match-cung-chiec-ao-khoac-ni-quoc-dan/? [L,R=301]

    # 301 --- https://theciu.vn/mix-quan-ong-rong-cap-cao-khuynh-dao-trend-thoi-trang/ => https://theciu.vn/blog/mix-quan-ong-rong-cap-cao-khuynh-dao-trend-thoi-trang/
    RewriteRule ^mix\-quan\-ong\-rong\-cap\-cao\-khuynh\-dao\-trend\-thoi\-trang/$ /blog/mix-quan-ong-rong-cap-cao-khuynh-dao-trend-thoi-trang/? [L,R=301]

    # 301 --- https://theciu.vn/nam-long-cac-cach-an-mac-dep-sau-crush-tu-do-ma-khong-can-cua/ => https://theciu.vn/blog/nam-long-cac-cach-an-mac-dep-sau-crush-tu-do-ma-khong-can-cua/
    RewriteRule ^nam\-long\-cac\-cach\-an\-mac\-dep\-sau\-crush\-tu\-do\-ma\-khong\-can\-cua/$ /blog/nam-long-cac-cach-an-mac-dep-sau-crush-tu-do-ma-khong-can-cua/? [L,R=301]

    # 301 --- https://theciu.vn/nhung-kieu-chan-vay-cong-so-dep-cho-nguoi-mong-lep/ => https://theciu.vn/blog/nhung-kieu-chan-vay-cong-so-dep-cho-nguoi-mong-lep/
    RewriteRule ^nhung\-kieu\-chan\-vay\-cong\-so\-dep\-cho\-nguoi\-mong\-lep/$ /blog/nhung-kieu-chan-vay-cong-so-dep-cho-nguoi-mong-lep/? [L,R=301]

    # 301 --- https://theciu.vn/nhung-kieu-chan-vay-cong-so-dep-nhat-mua-he-2020/ => https://theciu.vn/blog/nhung-kieu-chan-vay-cong-so-dep-nhat-mua-he-2020/
    RewriteRule ^nhung\-kieu\-chan\-vay\-cong\-so\-dep\-nhat\-mua\-he\-2020/$ /blog/nhung-kieu-chan-vay-cong-so-dep-nhat-mua-he-2020/? [L,R=301]

    # 301 --- https://theciu.vn/nhung-kieu-dam-di-bien-2020-khien-ban-thu-hut-hon/ => https://theciu.vn/blog/nhung-kieu-dam-di-bien-2020-khien-ban-thu-hut-hon/
    RewriteRule ^nhung\-kieu\-dam\-di\-bien\-2020\-khien\-ban\-thu\-hut\-hon/$ /blog/nhung-kieu-dam-di-bien-2020-khien-ban-thu-hut-hon/? [L,R=301]

    # 301 --- https://theciu.vn/nhung-kieu-quan-ong-rong-cho-nguoi-map-2020/ => https://theciu.vn/blog/nhung-kieu-quan-ong-rong-cho-nguoi-map-2020/
    RewriteRule ^nhung\-kieu\-quan\-ong\-rong\-cho\-nguoi\-map\-2020/$ /blog/nhung-kieu-quan-ong-rong-cho-nguoi-map-2020/? [L,R=301]

    # 301 --- https://theciu.vn/nhung-mau-dam-cho-nguoi-map-thoi-trang-cho-nguoi-map/ => https://theciu.vn/blog/nhung-mau-dam-cho-nguoi-map-thoi-trang-cho-nguoi-map/
    RewriteRule ^nhung\-mau\-dam\-cho\-nguoi\-map\-thoi\-trang\-cho\-nguoi\-map/$ /blog/nhung-mau-dam-cho-nguoi-map-thoi-trang-cho-nguoi-map/? [L,R=301]

    # 301 --- https://theciu.vn/nhung-outfit-len-lop-xuong-bien-cung-quan-ong-rong/ => https://theciu.vn/blog/nhung-outfit-len-lop-xuong-bien-cung-quan-ong-rong/
    RewriteRule ^nhung\-outfit\-len\-lop\-xuong\-bien\-cung\-quan\-ong\-rong/$ /blog/nhung-outfit-len-lop-xuong-bien-cung-quan-ong-rong/? [L,R=301]

    # 301 --- https://theciu.vn/phoi-chan-vay-cuc-sang-chanh-cua-cac-co-nang-pha-cach/ => https://theciu.vn/blog/phoi-chan-vay-cuc-sang-chanh-cua-cac-co-nang-pha-cach/
    RewriteRule ^phoi\-chan\-vay\-cuc\-sang\-chanh\-cua\-cac\-co\-nang\-pha\-cach/$ /blog/phoi-chan-vay-cuc-sang-chanh-cua-cac-co-nang-pha-cach/? [L,R=301]

    # 301 --- https://theciu.vn/phoi-do-di-da-lat-tien-an-thi-thieu-nhung-mac-dep-thi-khong-quen/ => https://theciu.vn/blog/phoi-do-di-da-lat-tien-an-thi-thieu-nhung-mac-dep-thi-khong-quen/
    RewriteRule ^phoi\-do\-di\-da\-lat\-tien\-an\-thi\-thieu\-nhung\-mac\-dep\-thi\-khong\-quen/$ /blog/phoi-do-di-da-lat-tien-an-thi-thieu-nhung-mac-dep-thi-khong-quen/? [L,R=301]

    # 301 --- https://theciu.vn/phoi-do-nu-ca-tinh-top-10-goi-y-ma-nang-khong-the-bo-lo/ => https://theciu.vn/blog/phoi-do-nu-ca-tinh-top-10-goi-y-ma-nang-khong-the-bo-lo/
    RewriteRule ^phoi\-do\-nu\-ca\-tinh\-top\-10\-goi\-y\-ma\-nang\-khong\-the\-bo\-lo/$ /blog/phoi-do-nu-ca-tinh-top-10-goi-y-ma-nang-khong-the-bo-lo/? [L,R=301]

    # 301 --- https://theciu.vn/phoi-do-voi-croptop-om-3-tips-cuc-xinh-danh-cho-cac-nang/ => https://theciu.vn/blog/phoi-do-voi-croptop-om-3-tips-cuc-xinh-danh-cho-cac-nang/
    RewriteRule ^phoi\-do\-voi\-croptop\-om\-3\-tips\-cuc\-xinh\-danh\-cho\-cac\-nang/$ /blog/phoi-do-voi-croptop-om-3-tips-cuc-xinh-danh-cho-cac-nang/? [L,R=301]

    # 301 --- https://theciu.vn/phoi-do-voi-quan-jean-chat-nhu-nuoc-cat-cung-the-ciu/ => https://theciu.vn/blog/phoi-do-voi-quan-jean-chat-nhu-nuoc-cat-cung-the-ciu/
    RewriteRule ^phoi\-do\-voi\-quan\-jean\-chat\-nhu\-nuoc\-cat\-cung\-the\-ciu/$ /blog/phoi-do-voi-quan-jean-chat-nhu-nuoc-cat-cung-the-ciu/? [L,R=301]

    # 301 --- https://theciu.vn/quan-dui-phong-cach-doc-la-mat-me-ngay-he/ => https://theciu.vn/blog/quan-dui-phong-cach-doc-la-mat-me-ngay-he/
    RewriteRule ^quan\-dui\-phong\-cach\-doc\-la\-mat\-me\-ngay\-he/$ /blog/quan-dui-phong-cach-doc-la-mat-me-ngay-he/? [L,R=301]

    # 301 --- https://theciu.vn/quan-jean-lung-cao-va-nhung-bien-hoa-theo-thoi-gian/ => https://theciu.vn/blog/quan-jean-lung-cao-va-nhung-bien-hoa-theo-thoi-gian/
    RewriteRule ^quan\-jean\-lung\-cao\-va\-nhung\-bien\-hoa\-theo\-thoi\-gian/$ /blog/quan-jean-lung-cao-va-nhung-bien-hoa-theo-thoi-gian/? [L,R=301]

    # 301 --- https://theciu.vn/quan-nu-ong-rong-da-dang-phong-cach/ => https://theciu.vn/blog/quan-nu-ong-rong-da-dang-phong-cach/
    RewriteRule ^quan\-nu\-ong\-rong\-da\-dang\-phong\-cach/$ /blog/quan-nu-ong-rong-da-dang-phong-cach/? [L,R=301]

    # 301 --- https://theciu.vn/quan-ong-rong-ban-o-dau-dep/ => https://theciu.vn/blog/quan-ong-rong-ban-o-dau-dep/
    RewriteRule ^quan\-ong\-rong\-ban\-o\-dau\-dep/$ /blog/quan-ong-rong-ban-o-dau-dep/? [L,R=301]

    # 301 --- https://theciu.vn/quan-ong-rong-den-giup-nang-thay-doi-phong-cach/ => https://theciu.vn/blog/quan-ong-rong-den-giup-nang-thay-doi-phong-cach/
    RewriteRule ^quan\-ong\-rong\-den\-giup\-nang\-thay\-doi\-phong\-cach/$ /blog/quan-ong-rong-den-giup-nang-thay-doi-phong-cach/? [L,R=301]

    # 301 --- https://theciu.vn/quan-ong-rong-jean-cung-nhung-chieu-mix-thoi-thuong/ => https://theciu.vn/blog/quan-ong-rong-jean-cung-nhung-chieu-mix-thoi-thuong/
    RewriteRule ^quan\-ong\-rong\-jean\-cung\-nhung\-chieu\-mix\-thoi\-thuong/$ /blog/quan-ong-rong-jean-cung-nhung-chieu-mix-thoi-thuong/? [L,R=301]

    # 301 --- https://theciu.vn/quan-ong-rong-trang-tuyet-phoi-cho-moi-hoan-canh/ => https://theciu.vn/blog/quan-ong-rong-trang-tuyet-phoi-cho-moi-hoan-canh/
    RewriteRule ^quan\-ong\-rong\-trang\-tuyet\-phoi\-cho\-moi\-hoan\-canh/$ /blog/quan-ong-rong-trang-tuyet-phoi-cho-moi-hoan-canh/? [L,R=301]

    # 301 --- https://theciu.vn/quan-ong-rong-xe-ta-xu-huong-thoi-trang-nam-2020/ => https://theciu.vn/blog/quan-ong-rong-xe-ta-xu-huong-thoi-trang-nam-2020/
    RewriteRule ^quan\-ong\-rong\-xe\-ta\-xu\-huong\-thoi\-trang\-nam\-2020/$ /blog/quan-ong-rong-xe-ta-xu-huong-thoi-trang-nam-2020/? [L,R=301]

    # 301 --- https://theciu.vn/quan-short-jean-nu-va-nhung-cach-mix-do-dep-khong-can-chinh/ => https://theciu.vn/blog/quan-short-jean-nu-va-nhung-cach-mix-do-dep-khong-can-chinh/
    RewriteRule ^quan\-short\-jean\-nu\-va\-nhung\-cach\-mix\-do\-dep\-khong\-can\-chinh/$ /blog/quan-short-jean-nu-va-nhung-cach-mix-do-dep-khong-can-chinh/? [L,R=301]

    # 301 --- https://theciu.vn/quan-tay-nu-mac-sao-cho-chuan-dang-thanh-lich/ => https://theciu.vn/blog/quan-tay-nu-mac-sao-cho-chuan-dang-thanh-lich/
    RewriteRule ^quan\-tay\-nu\-mac\-sao\-cho\-chuan\-dang\-thanh\-lich/$ /blog/quan-tay-nu-mac-sao-cho-chuan-dang-thanh-lich/? [L,R=301]

    # 301 --- https://theciu.vn/review-5-chat-lieu-vai-quan-ong-rong-che-di-khuyen-diem-dui-to/ => https://theciu.vn/blog/review-5-chat-lieu-vai-quan-ong-rong-che-di-khuyen-diem-dui-to/
    RewriteRule ^review\-5\-chat\-lieu\-vai\-quan\-ong\-rong\-che\-di\-khuyen\-diem\-dui\-to/$ /blog/review-5-chat-lieu-vai-quan-ong-rong-che-di-khuyen-diem-dui-to/? [L,R=301]

    # 301 --- https://theciu.vn/shop-quan-ao-thu-duc-do-dep/ => https://theciu.vn/blog/shop-quan-ao-thu-duc-do-dep/
    RewriteRule ^shop\-quan\-ao\-thu\-duc\-do\-dep/$ /blog/shop-quan-ao-thu-duc-do-dep/? [L,R=301]

    # 301 --- https://theciu.vn/sieu-pham-quan-baggy-va-cach-mix-do-cuc-chat/ => https://theciu.vn/blog/sieu-pham-quan-baggy-va-cach-mix-do-cuc-chat/
    RewriteRule ^sieu\-pham\-quan\-baggy\-va\-cach\-mix\-do\-cuc\-chat/$ /blog/sieu-pham-quan-baggy-va-cach-mix-do-cuc-chat/? [L,R=301]

    # 301 --- https://theciu.vn/so-vin-la-gi-cach-so-vin-dep-chuan-chinh-cho-ca-nam-va-nu/ => https://theciu.vn/blog/so-vin-la-gi-cach-so-vin-dep-chuan-chinh-cho-ca-nam-va-nu/
    RewriteRule ^so\-vin\-la\-gi\-cach\-so\-vin\-dep\-chuan\-chinh\-cho\-ca\-nam\-va\-nu/$ /blog/so-vin-la-gi-cach-so-vin-dep-chuan-chinh-cho-ca-nam-va-nu/? [L,R=301]

    # 301 --- https://theciu.vn/tay-trang-quan-ao-ho-bien-cu-thanh-moi/ => https://theciu.vn/blog/tay-trang-quan-ao-ho-bien-cu-thanh-moi/
    RewriteRule ^tay\-trang\-quan\-ao\-ho\-bien\-cu\-thanh\-moi/$ /blog/tay-trang-quan-ao-ho-bien-cu-thanh-moi/? [L,R=301]

    # 301 --- https://theciu.vn/thuc-hu-chiec-dam-hai-day-can-moi-hoan-canh-sang-chanh-mien-ban/ => https://theciu.vn/blog/thuc-hu-chiec-dam-hai-day-can-moi-hoan-canh-sang-chanh-mien-ban/
    RewriteRule ^thuc\-hu\-chiec\-dam\-hai\-day\-can\-moi\-hoan\-canh\-sang\-chanh\-mien\-ban/$ /blog/thuc-hu-chiec-dam-hai-day-can-moi-hoan-canh-sang-chanh-mien-ban/? [L,R=301]

    # 301 --- https://theciu.vn/tips-hay-cach-giat-danh-bay-vet-ban-tren-ao-khoac-ni/ => https://theciu.vn/blog/tips-hay-cach-giat-danh-bay-vet-ban-tren-ao-khoac-ni/
    RewriteRule ^tips\-hay\-cach\-giat\-danh\-bay\-vet\-ban\-tren\-ao\-khoac\-ni/$ /blog/tips-hay-cach-giat-danh-bay-vet-ban-tren-ao-khoac-ni/? [L,R=301]

    # 301 --- https://theciu.vn/top-06-dia-chi-mua-quan-ong-rong-chat-luong-nhat/ => https://theciu.vn/blog/top-06-dia-chi-mua-quan-ong-rong-chat-luong-nhat/
    RewriteRule ^top\-06\-dia\-chi\-mua\-quan\-ong\-rong\-chat\-luong\-nhat/$ /blog/top-06-dia-chi-mua-quan-ong-rong-chat-luong-nhat/? [L,R=301]

    # 301 --- https://theciu.vn/top-nhung-mau-dam-maxi-di-bien-cho-nguoi-thap/ => https://theciu.vn/blog/top-nhung-mau-dam-maxi-di-bien-cho-nguoi-thap/
    RewriteRule ^top\-nhung\-mau\-dam\-maxi\-di\-bien\-cho\-nguoi\-thap/$ /blog/top-nhung-mau-dam-maxi-di-bien-cho-nguoi-thap/? [L,R=301]

    # 301 --- https://theciu.vn/tu-tin-hon-nho-nhung-mau-chan-vay-cong-so-cho-nguoi-beo/ => https://theciu.vn/blog/tu-tin-hon-nho-nhung-mau-chan-vay-cong-so-cho-nguoi-beo/
    RewriteRule ^tu\-tin\-hon\-nho\-nhung\-mau\-chan\-vay\-cong\-so\-cho\-nguoi\-beo/$ /blog/tu-tin-hon-nho-nhung-mau-chan-vay-cong-so-cho-nguoi-beo/? [L,R=301]

    # 301 --- https://theciu.vn/vai-ngang-so-gi-len-do-khong-dep/ => https://theciu.vn/blog/vai-ngang-so-gi-len-do-khong-dep/
    RewriteRule ^vai\-ngang\-so\-gi\-len\-do\-khong\-dep/$ /blog/vai-ngang-so-gi-len-do-khong-dep/? [L,R=301]

    # 301 --- https://theciu.vn/vay-dep-hottrend-2021-nhat-dinh-phai-co/ => https://theciu.vn/blog/vay-dep-hottrend-2021-nhat-dinh-phai-co/
    RewriteRule ^vay\-dep\-hottrend\-2021\-nhat\-dinh\-phai\-co/$ /blog/vay-dep-hottrend-2021-nhat-dinh-phai-co/? [L,R=301]

    # 301 --- https://theciu.vn/voi-co-nang-trendy-tanktop-on-the-mind-dien-len-khong-bao-gio-sai/ => https://theciu.vn/blog/voi-co-nang-trendy-tanktop-on-the-mind-dien-len-khong-bao-gio-sai/
    RewriteRule ^voi\-co\-nang\-trendy\-tanktop\-on\-the\-mind\-dien\-len\-khong\-bao\-gio\-sai/$ /blog/voi-co-nang-trendy-tanktop-on-the-mind-dien-len-khong-bao-gio-sai/? [L,R=301]

    # 301 --- https://theciu.vn/xem-ngay-4-mau-quan-ong-rong-hot-trend-2021/ => https://theciu.vn/blog/xem-ngay-4-mau-quan-ong-rong-hot-trend-2021/
    RewriteRule ^xem\-ngay\-4\-mau\-quan\-ong\-rong\-hot\-trend\-2021/$ /blog/xem-ngay-4-mau-quan-ong-rong-hot-trend-2021/? [L,R=301]

    # 301 --- https://theciu.vn/xem-truoc-cac-trang-phuc-di-dam-cuoi-de-chuan-bi-mua-cuoi-toi-gan/ => https://theciu.vn/blog/xem-truoc-cac-trang-phuc-di-dam-cuoi-de-chuan-bi-mua-cuoi-toi-gan/
    RewriteRule ^xem\-truoc\-cac\-trang\-phuc\-di\-dam\-cuoi\-de\-chuan\-bi\-mua\-cuoi\-toi\-gan/$ /blog/xem-truoc-cac-trang-phuc-di-dam-cuoi-de-chuan-bi-mua-cuoi-toi-gan/? [L,R=301]

    # Handle Authorization Header
    RewriteCond %{HTTP:Authorization} .
    RewriteRule .* - [E=HTTP_AUTHORIZATION:%{HTTP:Authorization}]
    RewriteRule ^(blog) - [L]

    # Redirect Trailing Slashes If Not A Folder...
    RewriteCond %{REQUEST_FILENAME} !-d
    RewriteCond %{REQUEST_URI} (.+)/$
    RewriteRule ^ %1 [L,R=301]

    # Send Requests To Front Controller...
    RewriteCond %{REQUEST_FILENAME} !-d
    RewriteCond %{REQUEST_FILENAME} !-f
    RewriteRule ^ index.php [L]
</IfModule>
